134439`210852``68T, 8 DP NYLON HELICAL GEAR`P`O
134438`4.5XACETRON GP (NATURAL)``4.5" RND.`P`O
134437`9X1545`ALRO`9" RND.`P`O
134436`9X1545`ALRO`9" RND.`P`O
134434`3X4140HT``3" RND.`P`O
134433`NGSM6.0X3.25X13``NGSM 6" X 3.25" X 13"`P`O
134432`3.25X4140HT`CASTLE`3.25" RND.`P`O
134431`3.5XDI``3.5" RND.`P`O
134430`9X1545`ALRO`9" RND.`P`O
134427`2.25X1545``2.25" RND.`P`O
134426`4X660BRNZ``4" RND.`P`O
134415`NGSM6.5X4X13```P`O
134414`NGSM9.5X4X1.25``NGSM BLANK`P`O
134413`NGSM6.5X4X13```P`O
134412`10X6061``6061 aluminum`P`C
134409`8.5X4140HT``8.5" RND.`P`C
134398`4.25X304``4.25" RND.`P`C
134396`8XGI``8" RND. (CLASS # 40)`P`C
134395`2.5X1545``2.5" RND.`P`C
134394`50A30`MOTION-JVL`MPB STOCK SPROCKET`B`C
134393`4.5X13CORE``4.5 KNURLED CORE`B`O
134390`2.5X1018```P`C
134387`0301.1200.3``23T, 2.5 MOD PINION`P`C
134386`17" 4140HT 5 1/8" LONG`ALRO``B`C
134384`5.5XACETRON GP (NATURAL)``5.5" RND.`P`C
134380`1.5X4140HT`CASTLE`1.5" RND.`P`O
134379`3X4140`ALRO`3" RND.`P`C
134378`3.25X1045```P`C
134377`3.25X1045```P`C
134376`3.5X6061`ALRO`3.5" RND.`P`C
134376`3.207-SS`PARKWAY`8MM-28 FLANGE2.351ID (#934-SS)`P`C
134370`NGSM4.5X3.0X13```P`C
134357`NMC907 4.5X2.75SSX13``MC907 303 ST.ST. CORE 13" LONG`P`C
134351`3.5X1545`ALRO`3.5" RND.`P`C
134340`12X4140HT``12" RND.`P`C
134334`.750" X .625" X 1.250" LG.`MOTION-JVL`660 BRONZE BUSHING`B`C
134334`2.25X1545``2.25" RND.`P`C
134332`3.5X1545``3.5" RND.`P`C
134331`8X1545``8" RND.`P`C
134329`3.25X1545``3.25" RND.`P`C
134325`NNSM5.0X3.25X13`DURAGEAR`NNSM 5" X 3.25" X 13"`P`O
134323`4.41-SS``#940-SSX3.531`P`C
134323`4.5X6061``4.5" RND.`P`C
134315`3.25X4140HT`CASTLE`3.25" RND.`P`C
134314`6.465-SS`PARKWAY`14M-34 X 4.901 (#955-SS)`P`C
134314`6X1545`ALRO`6" RND.`P`C
134307`3.75X4140HT``3.75" RND.`P`C
134306`7.5X4140HT``7.5" RND.`P`C
134303`2X4140HT``2" RND.`P`C
134302`5.5X4140HT`CASTLE`5.5" RND.`P`C
134298`1-210-2``PIN`P`C
134298`L-24 CLAMP`GREENLEAF`EMT ASSEMBLY`P`C
134298`6X4140HT`CASTLE`6" RND.`P`C
134298`6X4140HT`CASTLE`6" RND.`P`C
134296`3.5" A36 PLATE - 24" CIRCLE`CASTLE`Q # 1113011320`B`C
134287`3X4140``3" RND.`P`C
134286`6.114`PARKWAY`14M-32 X 4.587 (#954)`P`C
134286`6X1545``6" RND.`P`C
134282`6X4140HT``6" RND.`P`C
134278`1.75X4XA-36``1¾" THICK X  4" WIDE RECTANGLE`P`C
134276`2X6061``2" RND.`P`C
134275`17" 4140HT 5 1/8" LONG`ALRO``B`C
134273`5/8" X 3/4" X 1¼" LG. BUSHING`MOTION-JVL``B`C
134273`2X4140``2" RND.`P`C
134271`NGSM6.0X3.25X13``NGSM 6" X 3.25" X 13"`P`C
134270`2.25X4140HT``2.25" RND.`P`C
134258`4.5X4140HT`CASTLE`4.5" RND.`P`C
134257`7.5X4140HT``7.5" RND.`P`C
134256`7X1545`ALRO`7" RND.`P`C
134243`7XGI``7" RND. (CLASS # 40)`P`C
134240`15¾" X 5-7/8" X ¾" 316SS PLATE`ALRO``B`C
134240`6.75X316``6.75" RND.`P`C
134238`5X303``5" RND.`P`C
134235`22"RND X 4140HT X 3.75 L```B`C
134234`11.5XGI``11.5" RND. (CLASS # 40)`P`C
134233`11.5XGI``11.5" RND. (CLASS # 40)`P`C
134232`MCGI CFH1 1/4SB`APPLIED-MA`FUWA17626 CAM FOLLOWER`P`O
134232`22" 4140HT, 4 1/4" LONG`ALRO``B`C
134231`22"RND 4140HT 3.875L```B`C
134230`16X4140HT``16" RND.`P`C
134228`THIER GSM TUBING``GSM NYLON TUBING 26" LONG`B`O
134228`4X12FT. 1117 CR KNURLED BAR``4" RND`P`O
134228`SKF6207-2RS BALL BEARING`FASTENAL`SKF6207-2RS BALL BEARING`B`C
134222`2.75X4140HT``2.75" RND.`P`C
134221`5X1545`ALRO`5" RND.`P`C
134221`6X4140HT`CASTLE`6" RND.`P`C
134217`11" RD X 2.8" LONG 17-4 SS`EMJ``B`C
134209`5001725``26T, 16 DP SPUR GEAR`P`C
134208`3X4140HT``3" RND.`P`C
134208`AS-640025``35T SPUR GEAR`P`O
134206`GSM4.0X2.5X26 NYLON TUBING`ALRO`GSM4.0X2.5X26 NYLON TUBING`B`C
134206`2.75X12FT. 1117 CR KNURLED BAR``2.75" RND`P`C
134203`2.5X304``2½" RND.`P`C
134202`2.5X304``2½" RND.`P`C
134200`3.5X304``3½" RND.`P`C
134199`2XNSM``2" RND.`P`C
134198`2XNSM``2" RND.`P`C
134196`4.5X12FT. 1545 CR KNURLED BAR``4.5" RND.`P`C
134195`1.75X4140HT``1.75" RND.`P`C
134185`3.5X1545`ALRO`3.5" RND.`P`C
134185`3.408-SS`PARKWAY`8M-30X2.548 ID(#935) SS`P`C
134184`NMC9075.5X4.134SSX13``5.5" MC907 NYLASTEEL, 304 CORE`P`C
134181`1.562X17-4``1.562" RND. (CONDITION "A")`P`C
134164`2.75X303``2.75" RND.`P`C
134164`2.906-SS`PARKWAY`8M-26X2.091 ID(#933) SS`P`C
134161`6.5X4140HT`CASTLE`6.5" RND.`P`C
134160`3.5" A36 PLATE - 24" CIRCLE`CASTLE`Q # 1113011320`B`C
134158`5X303``5" RND.`P`C
134156`4X660BRNZ``4" RND.`P`C
134151`1.75X4140HT``1.75" RND.`P`C
134150`6.5X4140HT`CASTLE`6.5" RND.`P`C
134149`3X8620``3" RND.`P`C
134143`2X1545`RYERSON``P`C
134142`3X4140HT`CASTLE`3" RND.`P`C
134141`13X4140HT`ALRO`13" RND.`P`C
134141`13X4140HT`ALRO`13" RND.`P`C
134140`12.5X4140HT`ALRO`12.5" RND.`P`C
134131`80S815`PNEUMATIC`OIL SLEEVE`P`O
134131`3.5X416HT``416 HT STAINLESS STEEL`P`C
134130`13X4140HT``13" RND.`P`C
134129`3.5X1545``3.5" RND.`P`C
134125`11.5XDI``11.5" RND.`P`C
134120`17X4140 ANN 1.5"L`ALRO``B`C
134113`497196-D``30T, 6DP SPUR GEAR`P`C
134111`7.5X4140HT``7.5" RND.`P`C
134109`11.5X4140HT`CASTLE`11.5" RND`P`C
134107`8.5X4140`ALRO`8.5" RND.`P`C
134106`6.5X4140`ALRO`6.5" RND.`P`C
134105`6X303``6" RND.`P`C
134104`3040 SINT BRZ BAR`MOTION-JVL``B`C
134104`17RD 4140 FORGED ANN 5 3/8L`ALRO``B`C
134099`3.25X4140HT``3.25" RND.`P`C
134095`4X4140HT CR``4" RND. C.R.`P`C
134094`1.5X4140HT`CASTLE`1.5" RND.`P`C
134093`3.5X1545`ALRO`3.5" RND.`P`C
134093`3.408-SS`PARKWAY`8M-30X2.548 ID(#935) SS`P`C
134092`5X4140``5" RND.`P`C
134090`7X4140``7" RND.`P`C
134089`5.5X4140``5.5" RND.`P`C
134088`12X4140``12" RND.`P`C
134085`3.25X1545`ALRO`3.25" RND.`P`C
134085`4.5XNSM`ALRO`4.5" RND.`P`C
134081`10X6061``6061 aluminum`P`C
134080`4810 HPFX IDLER SHAFT``IDLER SHAFT -1½ X 8½ LG`P`C
134079`4810 HPFX IDLER BLOCK``IDLER BLOCK - 6.3X3.937X1.500`P`C
134073`10XGSM``10" RND.`P`C
134060`9.5X4140HT``9.5" RND.`P`C
134059`11130``KEY FOR PN 29401`P`C
134059`9XDI``9" RND.`P`C
134057`21.62 OD X 15.6 ID X 4.25" L`SCOT FORGE`4140HT FORGING`P`C
134056`21.62 OD X 15.6 ID X 4.25" L`SCOT FORGE`4140HT FORGING`P`C
134054`2.75X1545`MONARCH`2.75" RND.`P`C
134052`8.044`PARKWAY`14M-43 X 6.520 (#959)`P`C
134052`7.5X1545`ALRO`7.5" RND.`P`C
134048`1356839``42T, 8 DP SPUR GEAR`P`C
134044`3.25X303`EMJ`3.25 " RND.`P`C
134044`3.608-SS`PARKWAY`8M-32 X 2.744 (# 936-SS)`P`C
134043`2.906-SS`PARKWAY`8M-26X2.091 ID(#933) SS`P`C
134043`3X303``3" RND.`P`C
134041`5.5X1545``5.5" RND.`P`C
134038`2.5X303``2.5" ROUND`P`C
134038`2.606-SS FLAT``931-SS-FLAT`P`C
134038`2.606SS``2.606 FLANGE 1.799 ID(#931-SS)`P`C
134020`2.5X304``2½" RND.`P`C
134020`2.606SS`PARKWAY`2.606 FLANGE 1.799 ID(#931-SS)`P`C
134012`4X4140`ALRO`4" RND.`P`C
134009`2X660BRNZ``2" RND.`P`C
134003`9.5X4140HT``9.5" RND.`P`C
134002`7X4140HT``7" RND.`P`C
134001`8.5X4140HT``8.5" RND.`P`C
133998`8X4140HT``8" RND.`P`C
133992`2X4140HT``2" RND.`P`C
133991`2X4140HT``2" RND.`P`C
133990`5X4140HT`CASTLE`5" RND.`P`C
133976`11X1545`ALRO`11" RND.`P`C
133970`6.5X4140HT`CASTLE`6.5" RND.`P`C
133960`7.5XDI``7.5" RND.`P`C
133948`2XDELRIN 150 (NATURAL)``2" RND.`P`C
133947`4XDELRIN 150 (NATURAL)``4" RND.`P`C
133946`2.25XDELRIN 150 (NATURAL)``2.25" RND.`P`C
133945`1.5XDELRIN 150 (NATURAL)``1.5" RND.`P`C
133944`4XDELRIN 150 (NATURAL)``4" RND.`P`C
133940`5.5XGSM``5.5" RND.`P`C
133939`7.5X4150HT``7.5" RND.`P`C
133934`4.5X4140HT``4.5" RND.`P`C
133921`5X4140``5" RND.`P`C
133915`4.5X4340```P`C
133910`14X4140HT`ALRO`14" RND.`P`C
133909`14X4140HT`ALRO`14" RND.`P`C
133908`14X4140HT`ALRO`14" RND.`P`C
133894`3X6061`ALRO`3" RND.`P`C
133894`2.906-SS`PARKWAY`8M-26X2.091 ID(#933) SS`P`C
133887`5.5X4140HT``5.5" RND.`P`C
133886`3.25X1545``3.25" RND.`P`C
133884`3XDI``3" RND.`P`C
133872`8.5XGI`DURA-BAR`CLASS 40 GREY IRON`P`C
133857`10.5X4140HT``10.5" RND.`P`C
133856`10.5X4140HT``10.5" RND.`P`C
133847`22" DIA. 4140HT X 4" LG.`ALRO`PART FINISH'S @ 3.75" LG.`B`C
133846`306556``84T, ¾" PITCH SPROCKET`P`C
133843`10XGI`DURA-BAR`10" RND. (CLASS # 40)`P`C
133842`10XGI`DURA-BAR`10" RND. (CLASS # 40)`P`C
133841`10XGI`DURA-BAR`10" RND. (CLASS # 40)`P`C
133802`9.5X4140`ALRO`9.5" RND.`P`C
133800`12.5X4140HT``12.5" RND.`P`C
133745`22X4140HT`ALRO`22" ROUND`B`C
133745`3" ID X 4-1/2" OD OIL BRONZE`FARMERS CO`3" ID X 4-1/2 OD 6-1/2 LONG`B`C
133738`6.0ID X 9.25OD X 26 GSM TUBING`ALRO``B`C
133711`18.00" DIA X 1.5   LONG D.I.`DURA-BAR`80-55-06`B`C
133710`18.00" DIA X 2.500" LONG D.I.`DURA-BAR`80-55-06`B`C
133709`210852``68T, 8 DP NYLON HELICAL GEAR`P`C
133683`15XGSM`ALRO`15" RND.`P`C
133666`3X1545``3" RND.`P`C
133660`5.75X1545``5.75" RND.`P`C
133660`140X2X35-T1-K-W-SW-WN-GT(6)``GROOVED SAW TOOTH STYLE,`P`O
133659`5.75X1545``5.75" RND.`P`C
133658`5.75X1545``5.75" RND.`P`C
133657`5.75X1545``5.75" RND.`P`C
133656`5.75X1545`ALRO`5.75" RND.`P`C
133632`2.25X4140HT``2.25" RND.`P`C
133597`15X1045`CASTLE``P`C
133567`NGSM5.0X1.75X1.5``GSM NYLASTEEL BLANK`P`C
133524`10XGI`DURA-BAR`10" RND. (CLASS # 40)`P`C
133317`210852``68T, 8 DP NYLON HELICAL GEAR`P`C
133266`443000.293.0``P24-8M X 47MM`P`C
133265`443000.292.0``P24-8M X 20MM`P`C
133264`115182``P24-8M X 1.260`P`C
132088`1.875X4140HT``1.875" RND.`P`C
132087`8.25X1545``8.25" RND.`P`C
131737`9.5X6061``9 1/2" RND.`P`O
131006`4X4140HT``4" RND.`P`C
130782`5XDI``5" RND.`P`C
130357`12X416 X 1.0" LONG`ALRO``B`C
117029`4.5XACETRON GP (NATURAL)``4.5" RND.`P`C
